observed_on_details_id,photo_url
216135816,https://inaturalist-open-data.s3.amazonaws.com/photos/382213186/square.jpeg
216135816,https://inaturalist-open-data.s3.amazonaws.com/photos/382213220/square.jpeg
209790628,https://inaturalist-open-data.s3.amazonaws.com/photos/371179249/square.jpeg
209790628,https://inaturalist-open-data.s3.amazonaws.com/photos/371179647/square.jpeg
209760630,https://inaturalist-open-data.s3.amazonaws.com/photos/371129883/square.jpeg
209760630,https://inaturalist-open-data.s3.amazonaws.com/photos/371130058/square.jpeg
209760630,https://inaturalist-open-data.s3.amazonaws.com/photos/371130369/square.jpeg
200836345,https://inaturalist-open-data.s3.amazonaws.com/photos/354411938/square.jpeg
200836345,https://inaturalist-open-data.s3.amazonaws.com/photos/354411957/square.jpeg
200836345,https://inaturalist-open-data.s3.amazonaws.com/photos/354414102/square.jpeg
200830322,https://inaturalist-open-data.s3.amazonaws.com/photos/354399693/square.jpeg
200830322,https://inaturalist-open-data.s3.amazonaws.com/photos/354399698/square.jpeg
200829243,https://inaturalist-open-data.s3.amazonaws.com/photos/354397707/square.jpeg
200829243,https://inaturalist-open-data.s3.amazonaws.com/photos/354397718/square.jpeg
195785746,https://inaturalist-open-data.s3.amazonaws.com/photos/344526476/square.jpeg
195785746,https://inaturalist-open-data.s3.amazonaws.com/photos/344526491/square.jpeg
195784532,https://inaturalist-open-data.s3.amazonaws.com/photos/344524165/square.jpeg
195784532,https://inaturalist-open-data.s3.amazonaws.com/photos/344524174/square.jpeg
195783661,https://inaturalist-open-data.s3.amazonaws.com/photos/344522430/square.jpeg
195783661,https://inaturalist-open-data.s3.amazonaws.com/photos/344522445/square.jpeg
195783514,https://inaturalist-open-data.s3.amazonaws.com/photos/344522117/square.jpeg
195783514,https://inaturalist-open-data.s3.amazonaws.com/photos/344522125/square.jpeg
195781620,https://inaturalist-open-data.s3.amazonaws.com/photos/344518639/square.jpeg
195781620,https://inaturalist-open-data.s3.amazonaws.com/photos/344518652/square.jpeg
195781408,https://inaturalist-open-data.s3.amazonaws.com/photos/344518240/square.jpeg
195781408,https://inaturalist-open-data.s3.amazonaws.com/photos/344518253/square.jpeg
195781230,https://inaturalist-open-data.s3.amazonaws.com/photos/344517773/square.jpeg
195781230,https://inaturalist-open-data.s3.amazonaws.com/photos/344517783/square.jpeg
195779258,https://inaturalist-open-data.s3.amazonaws.com/photos/344514078/square.jpeg
195779258,https://inaturalist-open-data.s3.amazonaws.com/photos/344514091/square.jpeg
195779017,https://inaturalist-open-data.s3.amazonaws.com/photos/344513597/square.jpeg
195779017,https://inaturalist-open-data.s3.amazonaws.com/photos/344513619/square.jpeg
195778453,https://inaturalist-open-data.s3.amazonaws.com/photos/344512674/square.jpeg
195778453,https://inaturalist-open-data.s3.amazonaws.com/photos/344512692/square.jpeg
195778262,https://inaturalist-open-data.s3.amazonaws.com/photos/344512273/square.jpeg
195778262,https://inaturalist-open-data.s3.amazonaws.com/photos/344512283/square.jpeg
195777963,https://inaturalist-open-data.s3.amazonaws.com/photos/344511493/square.jpeg
195777963,https://inaturalist-open-data.s3.amazonaws.com/photos/344511515/square.jpeg
195777634,https://inaturalist-open-data.s3.amazonaws.com/photos/344510638/square.jpeg
195777634,https://inaturalist-open-data.s3.amazonaws.com/photos/344510650/square.jpeg
195777269,https://inaturalist-open-data.s3.amazonaws.com/photos/344509992/square.jpeg
195777269,https://inaturalist-open-data.s3.amazonaws.com/photos/344510002/square.jpeg
195776418,https://inaturalist-open-data.s3.amazonaws.com/photos/344508380/square.jpeg
195776418,https://inaturalist-open-data.s3.amazonaws.com/photos/344508396/square.jpeg
182203268,https://inaturalist-open-data.s3.amazonaws.com/photos/317636918/square.jpeg
182203268,https://inaturalist-open-data.s3.amazonaws.com/photos/317636945/square.jpeg
182203268,https://inaturalist-open-data.s3.amazonaws.com/photos/317636963/square.jpeg
182203268,https://inaturalist-open-data.s3.amazonaws.com/photos/317650036/square.jpeg
178907121,https://inaturalist-open-data.s3.amazonaws.com/photos/311395190/square.jpeg
178907121,https://inaturalist-open-data.s3.amazonaws.com/photos/311395229/square.jpeg
178907121,https://inaturalist-open-data.s3.amazonaws.com/photos/311395854/square.jpeg
178078799,https://inaturalist-open-data.s3.amazonaws.com/photos/309808726/square.jpeg
178078799,https://inaturalist-open-data.s3.amazonaws.com/photos/309808739/square.jpeg
178078654,https://inaturalist-open-data.s3.amazonaws.com/photos/309808155/square.jpeg
178078654,https://inaturalist-open-data.s3.amazonaws.com/photos/309808176/square.jpeg
178077983,https://inaturalist-open-data.s3.amazonaws.com/photos/309806791/square.jpeg
178077983,https://inaturalist-open-data.s3.amazonaws.com/photos/309806821/square.jpeg
178077983,https://inaturalist-open-data.s3.amazonaws.com/photos/309806851/square.jpeg
178077826,https://inaturalist-open-data.s3.amazonaws.com/photos/309806340/square.jpeg
178077826,https://inaturalist-open-data.s3.amazonaws.com/photos/309806620/square.jpeg
178077826,https://inaturalist-open-data.s3.amazonaws.com/photos/309806660/square.jpeg
178077673,https://inaturalist-open-data.s3.amazonaws.com/photos/309806099/square.jpeg
178077673,https://inaturalist-open-data.s3.amazonaws.com/photos/309806122/square.jpeg
178077599,https://inaturalist-open-data.s3.amazonaws.com/photos/309806004/square.jpeg
178077335,https://inaturalist-open-data.s3.amazonaws.com/photos/309805467/square.jpeg
177021026,https://inaturalist-open-data.s3.amazonaws.com/photos/307826983/square.jpeg
177020642,https://inaturalist-open-data.s3.amazonaws.com/photos/307826538/square.jpeg
177020397,https://inaturalist-open-data.s3.amazonaws.com/photos/307826093/square.jpeg
176867527,https://inaturalist-open-data.s3.amazonaws.com/photos/307541830/square.jpeg
176866565,https://inaturalist-open-data.s3.amazonaws.com/photos/307539807/square.jpeg
176866565,https://inaturalist-open-data.s3.amazonaws.com/photos/307539846/square.jpeg
176866077,https://inaturalist-open-data.s3.amazonaws.com/photos/307538949/square.jpeg
176866077,https://inaturalist-open-data.s3.amazonaws.com/photos/307538981/square.jpeg
176865795,https://inaturalist-open-data.s3.amazonaws.com/photos/307538467/square.jpeg
176865795,https://inaturalist-open-data.s3.amazonaws.com/photos/307538488/square.jpeg
176865339,https://inaturalist-open-data.s3.amazonaws.com/photos/307537741/square.jpeg
176865339,https://inaturalist-open-data.s3.amazonaws.com/photos/307537773/square.jpeg
176864802,https://inaturalist-open-data.s3.amazonaws.com/photos/307536717/square.jpeg
176864802,https://inaturalist-open-data.s3.amazonaws.com/photos/307536749/square.jpeg
176864509,https://inaturalist-open-data.s3.amazonaws.com/photos/307536179/square.jpeg
176864509,https://inaturalist-open-data.s3.amazonaws.com/photos/307536199/square.jpeg
176864209,https://inaturalist-open-data.s3.amazonaws.com/photos/307535685/square.jpeg
176864209,https://inaturalist-open-data.s3.amazonaws.com/photos/307535710/square.jpeg
176864209,https://inaturalist-open-data.s3.amazonaws.com/photos/307535732/square.jpeg
176863062,https://inaturalist-open-data.s3.amazonaws.com/photos/307533573/square.jpeg
176863062,https://inaturalist-open-data.s3.amazonaws.com/photos/307533601/square.jpeg
176862612,https://inaturalist-open-data.s3.amazonaws.com/photos/307532750/square.jpeg
176862612,https://inaturalist-open-data.s3.amazonaws.com/photos/307532778/square.jpeg
176862612,https://inaturalist-open-data.s3.amazonaws.com/photos/307532808/square.jpeg
176862179,https://inaturalist-open-data.s3.amazonaws.com/photos/307532135/square.jpeg
176862179,https://inaturalist-open-data.s3.amazonaws.com/photos/307532169/square.jpeg
176861227,https://inaturalist-open-data.s3.amazonaws.com/photos/307530384/square.jpeg
176861227,https://inaturalist-open-data.s3.amazonaws.com/photos/307530412/square.jpeg
176861227,https://inaturalist-open-data.s3.amazonaws.com/photos/307530444/square.jpeg
176860977,https://inaturalist-open-data.s3.amazonaws.com/photos/307529889/square.jpeg
176860977,https://inaturalist-open-data.s3.amazonaws.com/photos/307529931/square.jpeg
175260745,https://inaturalist-open-data.s3.amazonaws.com/photos/304563876/square.jpeg
175260745,https://inaturalist-open-data.s3.amazonaws.com/photos/304563901/square.jpeg
175260745,https://inaturalist-open-data.s3.amazonaws.com/photos/304563926/square.jpeg
175260213,https://inaturalist-open-data.s3.amazonaws.com/photos/304562854/square.jpeg
175260213,https://inaturalist-open-data.s3.amazonaws.com/photos/304562881/square.jpeg
175260213,https://inaturalist-open-data.s3.amazonaws.com/photos/304562902/square.jpeg
175260213,https://inaturalist-open-data.s3.amazonaws.com/photos/304562921/square.jpeg
175259920,https://inaturalist-open-data.s3.amazonaws.com/photos/304562220/square.jpeg
175259920,https://inaturalist-open-data.s3.amazonaws.com/photos/304562246/square.jpeg
175259920,https://inaturalist-open-data.s3.amazonaws.com/photos/304562269/square.jpeg
175259920,https://inaturalist-open-data.s3.amazonaws.com/photos/304562290/square.jpeg
170128141,https://inaturalist-open-data.s3.amazonaws.com/photos/295031267/square.jpeg
170128141,https://inaturalist-open-data.s3.amazonaws.com/photos/295031306/square.jpeg
170127357,https://inaturalist-open-data.s3.amazonaws.com/photos/295029769/square.jpeg
170127357,https://inaturalist-open-data.s3.amazonaws.com/photos/295029801/square.jpeg
170127357,https://inaturalist-open-data.s3.amazonaws.com/photos/295029828/square.jpeg
170126680,https://inaturalist-open-data.s3.amazonaws.com/photos/295028498/square.jpeg
170126680,https://inaturalist-open-data.s3.amazonaws.com/photos/295028541/square.jpeg
170126680,https://inaturalist-open-data.s3.amazonaws.com/photos/295028573/square.jpeg
170126048,https://inaturalist-open-data.s3.amazonaws.com/photos/295027256/square.jpeg
170126048,https://inaturalist-open-data.s3.amazonaws.com/photos/295027278/square.jpeg
170126048,https://inaturalist-open-data.s3.amazonaws.com/photos/295027302/square.jpeg
170126048,https://inaturalist-open-data.s3.amazonaws.com/photos/295027328/square.jpeg
170124688,https://inaturalist-open-data.s3.amazonaws.com/photos/295024803/square.jpeg
170124688,https://inaturalist-open-data.s3.amazonaws.com/photos/295024844/square.jpeg
168885807,https://inaturalist-open-data.s3.amazonaws.com/photos/292740989/square.jpeg
168885807,https://inaturalist-open-data.s3.amazonaws.com/photos/292741049/square.jpeg
168885364,https://inaturalist-open-data.s3.amazonaws.com/photos/292740204/square.jpeg
168885364,https://inaturalist-open-data.s3.amazonaws.com/photos/292740230/square.jpeg
168885029,https://inaturalist-open-data.s3.amazonaws.com/photos/292739655/square.jpeg
168885029,https://inaturalist-open-data.s3.amazonaws.com/photos/292739691/square.jpeg
168885029,https://inaturalist-open-data.s3.amazonaws.com/photos/292739724/square.jpeg
168884699,https://inaturalist-open-data.s3.amazonaws.com/photos/292738988/square.jpeg
168884699,https://inaturalist-open-data.s3.amazonaws.com/photos/292739019/square.jpeg
168884699,https://inaturalist-open-data.s3.amazonaws.com/photos/292739061/square.jpeg
167579382,https://inaturalist-open-data.s3.amazonaws.com/photos/290316159/square.jpeg
167579382,https://inaturalist-open-data.s3.amazonaws.com/photos/290316269/square.jpeg
167577845,https://inaturalist-open-data.s3.amazonaws.com/photos/290313583/square.jpeg
167577845,https://inaturalist-open-data.s3.amazonaws.com/photos/290314179/square.jpeg
167544029,https://inaturalist-open-data.s3.amazonaws.com/photos/290252375/square.jpeg
167544029,https://inaturalist-open-data.s3.amazonaws.com/photos/290252645/square.jpeg
167544029,https://inaturalist-open-data.s3.amazonaws.com/photos/290252758/square.jpeg
167121627,https://inaturalist-open-data.s3.amazonaws.com/photos/289472385/square.jpeg
167121627,https://inaturalist-open-data.s3.amazonaws.com/photos/289472404/square.jpeg
167121349,https://inaturalist-open-data.s3.amazonaws.com/photos/289471926/square.jpeg
167121349,https://inaturalist-open-data.s3.amazonaws.com/photos/289471951/square.jpeg
167121141,https://inaturalist-open-data.s3.amazonaws.com/photos/289471463/square.jpeg
167121141,https://inaturalist-open-data.s3.amazonaws.com/photos/289471484/square.jpeg
167121141,https://inaturalist-open-data.s3.amazonaws.com/photos/289471505/square.jpeg
167114884,https://inaturalist-open-data.s3.amazonaws.com/photos/289458392/square.jpeg
167114884,https://inaturalist-open-data.s3.amazonaws.com/photos/289458426/square.jpeg
167114884,https://inaturalist-open-data.s3.amazonaws.com/photos/289458454/square.jpeg
167114700,https://inaturalist-open-data.s3.amazonaws.com/photos/289458034/square.jpeg
167114700,https://inaturalist-open-data.s3.amazonaws.com/photos/289458056/square.jpeg
167114343,https://inaturalist-open-data.s3.amazonaws.com/photos/289457365/square.jpeg
167114343,https://inaturalist-open-data.s3.amazonaws.com/photos/289457385/square.jpeg
167114343,https://inaturalist-open-data.s3.amazonaws.com/photos/289457412/square.jpeg
167114343,https://inaturalist-open-data.s3.amazonaws.com/photos/290304327/square.jpeg
166309635,https://inaturalist-open-data.s3.amazonaws.com/photos/287983966/square.jpeg
166309097,https://inaturalist-open-data.s3.amazonaws.com/photos/287982852/square.jpeg
166309097,https://inaturalist-open-data.s3.amazonaws.com/photos/287982895/square.jpeg
166308447,https://inaturalist-open-data.s3.amazonaws.com/photos/287981643/square.jpeg
166308447,https://inaturalist-open-data.s3.amazonaws.com/photos/287981679/square.jpeg
166308036,https://inaturalist-open-data.s3.amazonaws.com/photos/287980918/square.jpeg
166308036,https://inaturalist-open-data.s3.amazonaws.com/photos/287980966/square.jpeg
166307397,https://inaturalist-open-data.s3.amazonaws.com/photos/287979831/square.jpeg
166306804,https://inaturalist-open-data.s3.amazonaws.com/photos/287978723/square.jpeg
166306804,https://inaturalist-open-data.s3.amazonaws.com/photos/287978751/square.jpeg
166305952,https://inaturalist-open-data.s3.amazonaws.com/photos/287976845/square.jpeg
166305321,https://inaturalist-open-data.s3.amazonaws.com/photos/287975508/square.jpeg
166305321,https://inaturalist-open-data.s3.amazonaws.com/photos/287975548/square.jpeg
166305026,https://inaturalist-open-data.s3.amazonaws.com/photos/287974887/square.jpeg
166305026,https://inaturalist-open-data.s3.amazonaws.com/photos/287974935/square.jpeg
166303218,https://inaturalist-open-data.s3.amazonaws.com/photos/287971538/square.jpeg
166303218,https://inaturalist-open-data.s3.amazonaws.com/photos/287971575/square.jpeg
166302877,https://inaturalist-open-data.s3.amazonaws.com/photos/287970803/square.jpeg
166302877,https://inaturalist-open-data.s3.amazonaws.com/photos/287970855/square.jpeg
166280409,https://inaturalist-open-data.s3.amazonaws.com/photos/287928990/square.jpeg
166280409,https://inaturalist-open-data.s3.amazonaws.com/photos/287929022/square.jpeg
164916971,https://inaturalist-open-data.s3.amazonaws.com/photos/285408306/square.jpeg
164916971,https://inaturalist-open-data.s3.amazonaws.com/photos/285408331/square.jpeg
164916971,https://inaturalist-open-data.s3.amazonaws.com/photos/285408354/square.jpeg
164916413,https://inaturalist-open-data.s3.amazonaws.com/photos/285407172/square.jpeg
164916413,https://inaturalist-open-data.s3.amazonaws.com/photos/285407202/square.jpeg
164916377,https://inaturalist-open-data.s3.amazonaws.com/photos/285407088/square.jpeg
164916377,https://inaturalist-open-data.s3.amazonaws.com/photos/285407113/square.jpeg
164916377,https://inaturalist-open-data.s3.amazonaws.com/photos/285407136/square.jpeg
164916328,https://inaturalist-open-data.s3.amazonaws.com/photos/285407003/square.jpeg
164916328,https://inaturalist-open-data.s3.amazonaws.com/photos/285407019/square.jpeg
164916328,https://inaturalist-open-data.s3.amazonaws.com/photos/285407056/square.jpeg
164916259,https://inaturalist-open-data.s3.amazonaws.com/photos/285406909/square.jpeg
164916259,https://inaturalist-open-data.s3.amazonaws.com/photos/285406941/square.jpeg
164916259,https://inaturalist-open-data.s3.amazonaws.com/photos/285406965/square.jpeg
164916209,https://inaturalist-open-data.s3.amazonaws.com/photos/285406816/square.jpeg
164916209,https://inaturalist-open-data.s3.amazonaws.com/photos/285406847/square.jpeg
164916209,https://inaturalist-open-data.s3.amazonaws.com/photos/285406873/square.jpeg
163666735,https://inaturalist-open-data.s3.amazonaws.com/photos/283101075/square.jpeg
163666735,https://inaturalist-open-data.s3.amazonaws.com/photos/283101117/square.jpeg
163664534,https://inaturalist-open-data.s3.amazonaws.com/photos/283100543/square.jpeg
163664534,https://inaturalist-open-data.s3.amazonaws.com/photos/283100577/square.jpeg
148908028,https://inaturalist-open-data.s3.amazonaws.com/photos/256513906/square.jpeg
148908028,https://inaturalist-open-data.s3.amazonaws.com/photos/256513917/square.jpeg
139461880,https://inaturalist-open-data.s3.amazonaws.com/photos/238535806/square.jpeg
139461880,https://inaturalist-open-data.s3.amazonaws.com/photos/238535814/square.jpeg
139461880,https://inaturalist-open-data.s3.amazonaws.com/photos/238535832/square.jpeg
136863949,https://inaturalist-open-data.s3.amazonaws.com/photos/233651732/square.jpeg
136863949,https://inaturalist-open-data.s3.amazonaws.com/photos/233651957/square.jpeg
136863675,https://inaturalist-open-data.s3.amazonaws.com/photos/233648859/square.jpeg
136863675,https://inaturalist-open-data.s3.amazonaws.com/photos/233651315/square.jpeg
136863675,https://inaturalist-open-data.s3.amazonaws.com/photos/233651505/square.jpeg
136863138,https://inaturalist-open-data.s3.amazonaws.com/photos/233647974/square.jpeg
136863138,https://inaturalist-open-data.s3.amazonaws.com/photos/233648174/square.jpeg
136862892,https://inaturalist-open-data.s3.amazonaws.com/photos/233647564/square.jpeg
136862892,https://inaturalist-open-data.s3.amazonaws.com/photos/233647752/square.jpeg
136862639,https://inaturalist-open-data.s3.amazonaws.com/photos/233646862/square.jpeg
136862639,https://inaturalist-open-data.s3.amazonaws.com/photos/233647231/square.jpeg
136862386,https://inaturalist-open-data.s3.amazonaws.com/photos/233646345/square.jpeg
136862386,https://inaturalist-open-data.s3.amazonaws.com/photos/233646612/square.jpeg
136861486,https://inaturalist-open-data.s3.amazonaws.com/photos/233644554/square.jpeg
136861486,https://inaturalist-open-data.s3.amazonaws.com/photos/233644767/square.jpeg
136840216,https://inaturalist-open-data.s3.amazonaws.com/photos/233645831/square.jpeg
136840216,https://inaturalist-open-data.s3.amazonaws.com/photos/233646079/square.jpeg
136839927,https://inaturalist-open-data.s3.amazonaws.com/photos/233645440/square.jpeg
136839927,https://inaturalist-open-data.s3.amazonaws.com/photos/233645627/square.jpeg
136839001,https://inaturalist-open-data.s3.amazonaws.com/photos/233648430/square.jpeg
136839001,https://inaturalist-open-data.s3.amazonaws.com/photos/233648656/square.jpeg
136836071,https://inaturalist-open-data.s3.amazonaws.com/photos/233650740/square.jpeg
136836071,https://inaturalist-open-data.s3.amazonaws.com/photos/233650888/square.jpeg
136836071,https://inaturalist-open-data.s3.amazonaws.com/photos/233651094/square.jpeg
136835905,https://inaturalist-open-data.s3.amazonaws.com/photos/233652231/square.jpeg
136835905,https://inaturalist-open-data.s3.amazonaws.com/photos/233652484/square.jpeg
136835905,https://inaturalist-open-data.s3.amazonaws.com/photos/233652681/square.jpeg
136482150,https://inaturalist-open-data.s3.amazonaws.com/photos/232935533/square.jpeg
136482150,https://inaturalist-open-data.s3.amazonaws.com/photos/232935593/square.jpeg
136482150,https://inaturalist-open-data.s3.amazonaws.com/photos/232936350/square.jpeg
135631176,https://inaturalist-open-data.s3.amazonaws.com/photos/231453592/square.jpeg
135631176,https://inaturalist-open-data.s3.amazonaws.com/photos/231453846/square.jpeg
135619908,https://inaturalist-open-data.s3.amazonaws.com/photos/231454101/square.jpeg
135619908,https://inaturalist-open-data.s3.amazonaws.com/photos/231466302/square.jpeg
135619805,https://inaturalist-open-data.s3.amazonaws.com/photos/231453052/square.jpeg
135619805,https://inaturalist-open-data.s3.amazonaws.com/photos/231453279/square.jpeg
135618980,https://inaturalist-open-data.s3.amazonaws.com/photos/231449228/square.jpeg
135618980,https://inaturalist-open-data.s3.amazonaws.com/photos/231449444/square.jpeg
135618980,https://inaturalist-open-data.s3.amazonaws.com/photos/231449680/square.jpeg
135617567,https://inaturalist-open-data.s3.amazonaws.com/photos/231466983/square.jpeg
135617567,https://inaturalist-open-data.s3.amazonaws.com/photos/231467179/square.jpeg
135617288,https://inaturalist-open-data.s3.amazonaws.com/photos/231461674/square.jpeg
135617288,https://inaturalist-open-data.s3.amazonaws.com/photos/231461906/square.jpeg
135617141,https://inaturalist-open-data.s3.amazonaws.com/photos/231461146/square.jpeg
135617141,https://inaturalist-open-data.s3.amazonaws.com/photos/231461369/square.jpeg
135617039,https://inaturalist-open-data.s3.amazonaws.com/photos/231460638/square.jpeg
135617039,https://inaturalist-open-data.s3.amazonaws.com/photos/231460862/square.jpeg
135616945,https://inaturalist-open-data.s3.amazonaws.com/photos/231459945/square.jpeg
135616945,https://inaturalist-open-data.s3.amazonaws.com/photos/231460157/square.jpeg
135616945,https://inaturalist-open-data.s3.amazonaws.com/photos/231460369/square.jpeg
135616831,https://inaturalist-open-data.s3.amazonaws.com/photos/231466491/square.jpeg
135616831,https://inaturalist-open-data.s3.amazonaws.com/photos/231466712/square.jpeg
135616763,https://inaturalist-open-data.s3.amazonaws.com/photos/231459055/square.jpeg
135616763,https://inaturalist-open-data.s3.amazonaws.com/photos/231459245/square.jpeg
135616556,https://inaturalist-open-data.s3.amazonaws.com/photos/231458668/square.jpeg
135616556,https://inaturalist-open-data.s3.amazonaws.com/photos/231458843/square.jpeg
135616213,https://inaturalist-open-data.s3.amazonaws.com/photos/231458148/square.jpeg
135616213,https://inaturalist-open-data.s3.amazonaws.com/photos/231458436/square.jpeg
135615812,https://inaturalist-open-data.s3.amazonaws.com/photos/231457252/square.jpeg
135615812,https://inaturalist-open-data.s3.amazonaws.com/photos/231457504/square.jpeg
135615812,https://inaturalist-open-data.s3.amazonaws.com/photos/231457848/square.jpeg
135615540,https://inaturalist-open-data.s3.amazonaws.com/photos/231456818/square.jpeg
135615540,https://inaturalist-open-data.s3.amazonaws.com/photos/231457009/square.jpeg
135615436,https://inaturalist-open-data.s3.amazonaws.com/photos/231456375/square.jpeg
135615436,https://inaturalist-open-data.s3.amazonaws.com/photos/231456607/square.jpeg
135615056,https://inaturalist-open-data.s3.amazonaws.com/photos/231331117/square.jpeg
135615056,https://inaturalist-open-data.s3.amazonaws.com/photos/231455976/square.jpeg
135615056,https://inaturalist-open-data.s3.amazonaws.com/photos/231456193/square.jpeg
135614938,https://inaturalist-open-data.s3.amazonaws.com/photos/231455315/square.jpeg
135614938,https://inaturalist-open-data.s3.amazonaws.com/photos/231455541/square.jpeg
135614938,https://inaturalist-open-data.s3.amazonaws.com/photos/231455733/square.jpeg
135614798,https://inaturalist-open-data.s3.amazonaws.com/photos/231330522/square.jpeg
135614798,https://inaturalist-open-data.s3.amazonaws.com/photos/231330653/square.jpeg
135614552,https://inaturalist-open-data.s3.amazonaws.com/photos/231330131/square.jpeg
135614552,https://inaturalist-open-data.s3.amazonaws.com/photos/231454674/square.jpeg
135614552,https://inaturalist-open-data.s3.amazonaws.com/photos/231454994/square.jpeg
135614061,https://inaturalist-open-data.s3.amazonaws.com/photos/231328958/square.jpeg
135614061,https://inaturalist-open-data.s3.amazonaws.com/photos/231452817/square.jpeg
135613841,https://inaturalist-open-data.s3.amazonaws.com/photos/231328679/square.jpeg
135613841,https://inaturalist-open-data.s3.amazonaws.com/photos/231328769/square.jpeg
135613841,https://inaturalist-open-data.s3.amazonaws.com/photos/231328853/square.jpeg
135441823,https://inaturalist-open-data.s3.amazonaws.com/photos/231465613/square.jpeg
135441823,https://inaturalist-open-data.s3.amazonaws.com/photos/231465864/square.jpeg
135440208,https://inaturalist-open-data.s3.amazonaws.com/photos/231011450/square.jpeg
135440208,https://inaturalist-open-data.s3.amazonaws.com/photos/231463602/square.jpeg
135440208,https://inaturalist-open-data.s3.amazonaws.com/photos/231463831/square.jpeg
135435474,https://inaturalist-open-data.s3.amazonaws.com/photos/230991545/square.jpeg
135435474,https://inaturalist-open-data.s3.amazonaws.com/photos/231343774/square.jpeg
135435417,https://inaturalist-open-data.s3.amazonaws.com/photos/231462088/square.jpeg
135435417,https://inaturalist-open-data.s3.amazonaws.com/photos/231462287/square.jpeg
135435159,https://inaturalist-open-data.s3.amazonaws.com/photos/231452454/square.jpeg
135435159,https://inaturalist-open-data.s3.amazonaws.com/photos/231452625/square.jpeg
135434847,https://inaturalist-open-data.s3.amazonaws.com/photos/231451922/square.jpeg
135434847,https://inaturalist-open-data.s3.amazonaws.com/photos/231452160/square.jpeg
135434133,https://inaturalist-open-data.s3.amazonaws.com/photos/230989431/square.jpeg
135434133,https://inaturalist-open-data.s3.amazonaws.com/photos/230990245/square.jpeg
135433929,https://inaturalist-open-data.s3.amazonaws.com/photos/231451386/square.jpeg
135433929,https://inaturalist-open-data.s3.amazonaws.com/photos/231451626/square.jpeg
135433466,https://inaturalist-open-data.s3.amazonaws.com/photos/231449852/square.jpeg
135433466,https://inaturalist-open-data.s3.amazonaws.com/photos/231450096/square.jpeg
135433466,https://inaturalist-open-data.s3.amazonaws.com/photos/231450320/square.jpeg
135433097,https://inaturalist-open-data.s3.amazonaws.com/photos/231448731/square.jpeg
135433097,https://inaturalist-open-data.s3.amazonaws.com/photos/231448946/square.jpeg
135432847,https://inaturalist-open-data.s3.amazonaws.com/photos/231464897/square.jpeg
135432847,https://inaturalist-open-data.s3.amazonaws.com/photos/231465152/square.jpeg
135432847,https://inaturalist-open-data.s3.amazonaws.com/photos/231465416/square.jpeg
135432285,https://inaturalist-open-data.s3.amazonaws.com/photos/231002623/square.jpeg
135432285,https://inaturalist-open-data.s3.amazonaws.com/photos/231464070/square.jpeg
135431844,https://inaturalist-open-data.s3.amazonaws.com/photos/230999499/square.jpeg
135431844,https://inaturalist-open-data.s3.amazonaws.com/photos/231010950/square.jpeg
135407205,https://inaturalist-open-data.s3.amazonaws.com/photos/231326744/square.jpeg
135407205,https://inaturalist-open-data.s3.amazonaws.com/photos/231466084/square.jpeg
135407112,https://inaturalist-open-data.s3.amazonaws.com/photos/231464340/square.jpeg
135407112,https://inaturalist-open-data.s3.amazonaws.com/photos/231464577/square.jpeg
135407065,https://inaturalist-open-data.s3.amazonaws.com/photos/231463083/square.jpeg
135407065,https://inaturalist-open-data.s3.amazonaws.com/photos/231463344/square.jpeg
135398232,https://inaturalist-open-data.s3.amazonaws.com/photos/230924656/square.jpeg
135398232,https://inaturalist-open-data.s3.amazonaws.com/photos/231451133/square.jpeg
135397896,https://inaturalist-open-data.s3.amazonaws.com/photos/231372379/square.jpeg
135397896,https://inaturalist-open-data.s3.amazonaws.com/photos/231450587/square.jpeg
135397896,https://inaturalist-open-data.s3.amazonaws.com/photos/231450887/square.jpeg
135388237,https://inaturalist-open-data.s3.amazonaws.com/photos/230997222/square.jpeg
135388237,https://inaturalist-open-data.s3.amazonaws.com/photos/231462748/square.jpeg
133219634,https://inaturalist-open-data.s3.amazonaws.com/photos/226883444/square.jpeg
133219634,https://inaturalist-open-data.s3.amazonaws.com/photos/226883467/square.jpeg
133219603,https://inaturalist-open-data.s3.amazonaws.com/photos/226883385/square.jpeg
133219603,https://inaturalist-open-data.s3.amazonaws.com/photos/226883409/square.jpeg
133219564,https://inaturalist-open-data.s3.amazonaws.com/photos/226883275/square.jpeg
133219564,https://inaturalist-open-data.s3.amazonaws.com/photos/226883320/square.jpeg
133219564,https://inaturalist-open-data.s3.amazonaws.com/photos/226883350/square.jpeg
133219486,https://inaturalist-open-data.s3.amazonaws.com/photos/226883202/square.jpeg
133219486,https://inaturalist-open-data.s3.amazonaws.com/photos/226883229/square.jpeg
133219428,https://inaturalist-open-data.s3.amazonaws.com/photos/226883099/square.jpeg
133219428,https://inaturalist-open-data.s3.amazonaws.com/photos/226883128/square.jpeg
133219428,https://inaturalist-open-data.s3.amazonaws.com/photos/226883166/square.jpeg
133219390,https://inaturalist-open-data.s3.amazonaws.com/photos/226883024/square.jpeg
133219390,https://inaturalist-open-data.s3.amazonaws.com/photos/226883065/square.jpeg
133219343,https://inaturalist-open-data.s3.amazonaws.com/photos/226882919/square.jpeg
133219343,https://inaturalist-open-data.s3.amazonaws.com/photos/226882940/square.jpeg
133219343,https://inaturalist-open-data.s3.amazonaws.com/photos/226882977/square.jpeg
133219295,https://inaturalist-open-data.s3.amazonaws.com/photos/226882848/square.jpeg
133219295,https://inaturalist-open-data.s3.amazonaws.com/photos/226882874/square.jpeg
133219295,https://inaturalist-open-data.s3.amazonaws.com/photos/226882895/square.jpeg
133219241,https://inaturalist-open-data.s3.amazonaws.com/photos/226882756/square.jpeg
133219241,https://inaturalist-open-data.s3.amazonaws.com/photos/226882786/square.jpeg
133219241,https://inaturalist-open-data.s3.amazonaws.com/photos/226882813/square.jpeg
133121852,https://inaturalist-open-data.s3.amazonaws.com/photos/226702549/square.jpeg
133121852,https://inaturalist-open-data.s3.amazonaws.com/photos/226702862/square.jpeg
133121800,https://inaturalist-open-data.s3.amazonaws.com/photos/226702439/square.jpeg
133121800,https://inaturalist-open-data.s3.amazonaws.com/photos/226702467/square.jpeg
132305469,https://inaturalist-open-data.s3.amazonaws.com/photos/225288823/square.jpeg
132305469,https://inaturalist-open-data.s3.amazonaws.com/photos/225288844/square.jpeg
132305443,https://inaturalist-open-data.s3.amazonaws.com/photos/225288770/square.jpeg
132305443,https://inaturalist-open-data.s3.amazonaws.com/photos/225288793/square.jpeg
132305380,https://inaturalist-open-data.s3.amazonaws.com/photos/225288709/square.jpeg
132305380,https://inaturalist-open-data.s3.amazonaws.com/photos/225288733/square.jpeg
132305330,https://inaturalist-open-data.s3.amazonaws.com/photos/225288651/square.jpeg
132305330,https://inaturalist-open-data.s3.amazonaws.com/photos/225288681/square.jpeg
132178439,https://inaturalist-open-data.s3.amazonaws.com/photos/225288588/square.jpeg
132178439,https://inaturalist-open-data.s3.amazonaws.com/photos/225288611/square.jpeg
132172947,https://inaturalist-open-data.s3.amazonaws.com/photos/225044961/square.jpeg
132172947,https://inaturalist-open-data.s3.amazonaws.com/photos/225288559/square.jpeg
132170420,https://inaturalist-open-data.s3.amazonaws.com/photos/225038313/square.jpeg
132170420,https://inaturalist-open-data.s3.amazonaws.com/photos/225038688/square.jpeg
132168108,https://inaturalist-open-data.s3.amazonaws.com/photos/225034012/square.jpeg
132168108,https://inaturalist-open-data.s3.amazonaws.com/photos/225034125/square.jpeg
132154121,https://inaturalist-open-data.s3.amazonaws.com/photos/225033590/square.jpeg
132154121,https://inaturalist-open-data.s3.amazonaws.com/photos/225033858/square.jpeg
132063252,https://inaturalist-open-data.s3.amazonaws.com/photos/224838937/square.jpeg
132063252,https://inaturalist-open-data.s3.amazonaws.com/photos/224838960/square.jpeg
132063234,https://inaturalist-open-data.s3.amazonaws.com/photos/224838882/square.jpeg
132063234,https://inaturalist-open-data.s3.amazonaws.com/photos/224838903/square.jpeg
132063221,https://inaturalist-open-data.s3.amazonaws.com/photos/224838837/square.jpeg
132063221,https://inaturalist-open-data.s3.amazonaws.com/photos/224838857/square.jpeg
132063202,https://inaturalist-open-data.s3.amazonaws.com/photos/224838775/square.jpeg
132063202,https://inaturalist-open-data.s3.amazonaws.com/photos/224838807/square.jpeg
132063173,https://inaturalist-open-data.s3.amazonaws.com/photos/224838721/square.jpeg
132063173,https://inaturalist-open-data.s3.amazonaws.com/photos/224838744/square.jpeg
132063071,https://inaturalist-open-data.s3.amazonaws.com/photos/224838583/square.jpeg
132063071,https://inaturalist-open-data.s3.amazonaws.com/photos/224838679/square.jpeg
132063059,https://inaturalist-open-data.s3.amazonaws.com/photos/224838393/square.jpeg
132063059,https://inaturalist-open-data.s3.amazonaws.com/photos/224838411/square.jpeg
132063039,https://inaturalist-open-data.s3.amazonaws.com/photos/224838328/square.jpeg
132063039,https://inaturalist-open-data.s3.amazonaws.com/photos/224838359/square.jpeg
132063005,https://inaturalist-open-data.s3.amazonaws.com/photos/224838265/square.jpeg
132063005,https://inaturalist-open-data.s3.amazonaws.com/photos/224838282/square.jpeg
132063005,https://inaturalist-open-data.s3.amazonaws.com/photos/224838300/square.jpeg
132062965,https://inaturalist-open-data.s3.amazonaws.com/photos/224838229/square.jpeg
132062965,https://inaturalist-open-data.s3.amazonaws.com/photos/224838246/square.jpeg
132062907,https://inaturalist-open-data.s3.amazonaws.com/photos/224838173/square.jpeg
132062907,https://inaturalist-open-data.s3.amazonaws.com/photos/224838194/square.jpeg
132062907,https://inaturalist-open-data.s3.amazonaws.com/photos/224838210/square.jpeg
132046624,https://inaturalist-open-data.s3.amazonaws.com/photos/224838120/square.jpeg
132046624,https://inaturalist-open-data.s3.amazonaws.com/photos/224838141/square.jpeg
132046548,https://inaturalist-open-data.s3.amazonaws.com/photos/224838071/square.jpeg
132046548,https://inaturalist-open-data.s3.amazonaws.com/photos/224838096/square.jpeg
132043675,https://inaturalist-open-data.s3.amazonaws.com/photos/224838017/square.jpeg
132043675,https://inaturalist-open-data.s3.amazonaws.com/photos/224838046/square.jpeg
132042205,https://inaturalist-open-data.s3.amazonaws.com/photos/224837696/square.jpeg
132042205,https://inaturalist-open-data.s3.amazonaws.com/photos/224837780/square.jpeg
132041261,https://inaturalist-open-data.s3.amazonaws.com/photos/224837814/square.jpeg
132041261,https://inaturalist-open-data.s3.amazonaws.com/photos/224837952/square.jpeg
131627318,https://inaturalist-open-data.s3.amazonaws.com/photos/224025496/square.jpeg
131627318,https://inaturalist-open-data.s3.amazonaws.com/photos/224092413/square.jpeg
131627264,https://inaturalist-open-data.s3.amazonaws.com/photos/224025412/square.jpeg
131627264,https://inaturalist-open-data.s3.amazonaws.com/photos/224025449/square.jpeg
131609056,https://inaturalist-open-data.s3.amazonaws.com/photos/223992382/square.jpeg
131609056,https://inaturalist-open-data.s3.amazonaws.com/photos/224025365/square.jpeg
131600826,https://inaturalist-open-data.s3.amazonaws.com/photos/223991772/square.jpeg
131600826,https://inaturalist-open-data.s3.amazonaws.com/photos/223991930/square.jpeg
131598022,https://inaturalist-open-data.s3.amazonaws.com/photos/223974373/square.jpeg
131598022,https://inaturalist-open-data.s3.amazonaws.com/photos/223974426/square.jpeg
131596344,https://inaturalist-open-data.s3.amazonaws.com/photos/223972847/square.jpeg
131596344,https://inaturalist-open-data.s3.amazonaws.com/photos/223972892/square.jpeg
131595900,https://inaturalist-open-data.s3.amazonaws.com/photos/223969587/square.jpeg
131595900,https://inaturalist-open-data.s3.amazonaws.com/photos/223969693/square.jpeg
131583393,https://inaturalist-open-data.s3.amazonaws.com/photos/223949558/square.jpeg
131583393,https://inaturalist-open-data.s3.amazonaws.com/photos/223949569/square.jpeg
131514867,https://inaturalist-open-data.s3.amazonaws.com/photos/223820777/square.jpeg
131514867,https://inaturalist-open-data.s3.amazonaws.com/photos/223820831/square.jpeg
131514867,https://inaturalist-open-data.s3.amazonaws.com/photos/223820878/square.jpeg
131514837,https://inaturalist-open-data.s3.amazonaws.com/photos/223820712/square.jpeg
131514837,https://inaturalist-open-data.s3.amazonaws.com/photos/223820725/square.jpeg
131514837,https://inaturalist-open-data.s3.amazonaws.com/photos/223820742/square.jpeg
131514804,https://inaturalist-open-data.s3.amazonaws.com/photos/223820655/square.jpeg
131514804,https://inaturalist-open-data.s3.amazonaws.com/photos/223820680/square.jpeg
131514792,https://inaturalist-open-data.s3.amazonaws.com/photos/223820624/square.jpeg
131514764,https://inaturalist-open-data.s3.amazonaws.com/photos/223820572/square.jpeg
131514764,https://inaturalist-open-data.s3.amazonaws.com/photos/223820595/square.jpeg
131514732,https://inaturalist-open-data.s3.amazonaws.com/photos/223820487/square.jpeg
131514732,https://inaturalist-open-data.s3.amazonaws.com/photos/223820507/square.jpeg
131514732,https://inaturalist-open-data.s3.amazonaws.com/photos/223820529/square.jpeg
131514685,https://inaturalist-open-data.s3.amazonaws.com/photos/223820360/square.jpeg
131514685,https://inaturalist-open-data.s3.amazonaws.com/photos/223820384/square.jpeg
131514685,https://inaturalist-open-data.s3.amazonaws.com/photos/223820422/square.jpeg
131514650,https://inaturalist-open-data.s3.amazonaws.com/photos/223820286/square.jpeg
131514650,https://inaturalist-open-data.s3.amazonaws.com/photos/223820319/square.jpeg
131514619,https://inaturalist-open-data.s3.amazonaws.com/photos/223820213/square.jpeg
131514619,https://inaturalist-open-data.s3.amazonaws.com/photos/223820235/square.jpeg
131514557,https://inaturalist-open-data.s3.amazonaws.com/photos/223820138/square.jpeg
131514557,https://inaturalist-open-data.s3.amazonaws.com/photos/223820171/square.jpeg
131514467,https://inaturalist-open-data.s3.amazonaws.com/photos/223820022/square.jpeg
131514467,https://inaturalist-open-data.s3.amazonaws.com/photos/223820054/square.jpeg
131514467,https://inaturalist-open-data.s3.amazonaws.com/photos/223820091/square.jpeg
131514409,https://inaturalist-open-data.s3.amazonaws.com/photos/223819933/square.jpeg
131514409,https://inaturalist-open-data.s3.amazonaws.com/photos/223819982/square.jpeg
131514337,https://inaturalist-open-data.s3.amazonaws.com/photos/223819809/square.jpeg
131514337,https://inaturalist-open-data.s3.amazonaws.com/photos/223819856/square.jpeg
131514337,https://inaturalist-open-data.s3.amazonaws.com/photos/223819901/square.jpeg
131514303,https://inaturalist-open-data.s3.amazonaws.com/photos/223819743/square.jpeg
131514303,https://inaturalist-open-data.s3.amazonaws.com/photos/223819779/square.jpeg
131514244,https://inaturalist-open-data.s3.amazonaws.com/photos/223819602/square.jpeg
131514244,https://inaturalist-open-data.s3.amazonaws.com/photos/223819676/square.jpeg
131514244,https://inaturalist-open-data.s3.amazonaws.com/photos/223819720/square.jpeg
130690896,https://inaturalist-open-data.s3.amazonaws.com/photos/222292263/square.jpeg
130680853,https://inaturalist-open-data.s3.amazonaws.com/photos/222274006/square.jpeg
130680853,https://inaturalist-open-data.s3.amazonaws.com/photos/222274046/square.jpeg
130680805,https://inaturalist-open-data.s3.amazonaws.com/photos/222273890/square.jpeg
130680805,https://inaturalist-open-data.s3.amazonaws.com/photos/222273946/square.jpeg
130680786,https://inaturalist-open-data.s3.amazonaws.com/photos/222273866/square.jpeg
130648653,https://inaturalist-open-data.s3.amazonaws.com/photos/222217596/square.jpeg
130648653,https://inaturalist-open-data.s3.amazonaws.com/photos/222217784/square.jpeg
130648653,https://inaturalist-open-data.s3.amazonaws.com/photos/222273788/square.jpeg
130648653,https://inaturalist-open-data.s3.amazonaws.com/photos/222273824/square.jpeg
130648382,https://inaturalist-open-data.s3.amazonaws.com/photos/222217038/square.jpeg
130648382,https://inaturalist-open-data.s3.amazonaws.com/photos/222217273/square.jpeg
130648174,https://inaturalist-open-data.s3.amazonaws.com/photos/222216595/square.jpeg
130648174,https://inaturalist-open-data.s3.amazonaws.com/photos/222216793/square.jpeg
130647783,https://inaturalist-open-data.s3.amazonaws.com/photos/222216142/square.jpeg
130647783,https://inaturalist-open-data.s3.amazonaws.com/photos/222216362/square.jpeg
130647496,https://inaturalist-open-data.s3.amazonaws.com/photos/222215637/square.jpeg
130647496,https://inaturalist-open-data.s3.amazonaws.com/photos/222215838/square.jpeg
130647237,https://inaturalist-open-data.s3.amazonaws.com/photos/222215057/square.jpeg
130647237,https://inaturalist-open-data.s3.amazonaws.com/photos/222215360/square.jpeg
130647124,https://inaturalist-open-data.s3.amazonaws.com/photos/222214851/square.jpeg
130428788,https://inaturalist-open-data.s3.amazonaws.com/photos/221810511/square.jpeg
130428788,https://inaturalist-open-data.s3.amazonaws.com/photos/221810537/square.jpeg
130428768,https://inaturalist-open-data.s3.amazonaws.com/photos/221810482/square.jpeg
130428742,https://inaturalist-open-data.s3.amazonaws.com/photos/221810411/square.jpeg
130428742,https://inaturalist-open-data.s3.amazonaws.com/photos/221810434/square.jpeg
130428722,https://inaturalist-open-data.s3.amazonaws.com/photos/221810350/square.jpeg
130428722,https://inaturalist-open-data.s3.amazonaws.com/photos/221810387/square.jpeg
130428700,https://inaturalist-open-data.s3.amazonaws.com/photos/221810292/square.jpeg
130428700,https://inaturalist-open-data.s3.amazonaws.com/photos/221810311/square.jpeg
130428682,https://inaturalist-open-data.s3.amazonaws.com/photos/221810232/square.jpeg
130428682,https://inaturalist-open-data.s3.amazonaws.com/photos/221810258/square.jpeg
130428183,https://inaturalist-open-data.s3.amazonaws.com/photos/221809387/square.jpeg
130428183,https://inaturalist-open-data.s3.amazonaws.com/photos/221810197/square.jpeg
130428160,https://inaturalist-open-data.s3.amazonaws.com/photos/221809333/square.jpeg
130428160,https://inaturalist-open-data.s3.amazonaws.com/photos/221809354/square.jpeg
130428135,https://inaturalist-open-data.s3.amazonaws.com/photos/221809281/square.jpeg
130428135,https://inaturalist-open-data.s3.amazonaws.com/photos/221809309/square.jpeg
130428110,https://inaturalist-open-data.s3.amazonaws.com/photos/221809238/square.jpeg
130428110,https://inaturalist-open-data.s3.amazonaws.com/photos/221809253/square.jpeg
130428007,https://inaturalist-open-data.s3.amazonaws.com/photos/221809159/square.jpeg
130428007,https://inaturalist-open-data.s3.amazonaws.com/photos/221809186/square.jpeg
130428007,https://inaturalist-open-data.s3.amazonaws.com/photos/221809212/square.jpeg
130294259,https://inaturalist-open-data.s3.amazonaws.com/photos/221809084/square.jpeg
130294259,https://inaturalist-open-data.s3.amazonaws.com/photos/221809104/square.jpeg
130294259,https://inaturalist-open-data.s3.amazonaws.com/photos/221809127/square.jpeg
129615305,https://inaturalist-open-data.s3.amazonaws.com/photos/220294036/square.jpeg
129615305,https://inaturalist-open-data.s3.amazonaws.com/photos/220294059/square.jpeg
129615198,https://inaturalist-open-data.s3.amazonaws.com/photos/220293937/square.jpeg
129615198,https://inaturalist-open-data.s3.amazonaws.com/photos/220293971/square.jpeg
129615198,https://inaturalist-open-data.s3.amazonaws.com/photos/220294000/square.jpeg
129615158,https://inaturalist-open-data.s3.amazonaws.com/photos/220293798/square.jpeg
129615158,https://inaturalist-open-data.s3.amazonaws.com/photos/220293855/square.jpeg
129615129,https://inaturalist-open-data.s3.amazonaws.com/photos/220293721/square.jpeg
129615129,https://inaturalist-open-data.s3.amazonaws.com/photos/220293744/square.jpeg
129615129,https://inaturalist-open-data.s3.amazonaws.com/photos/220293770/square.jpeg
129615104,https://inaturalist-open-data.s3.amazonaws.com/photos/220293670/square.jpeg
129615104,https://inaturalist-open-data.s3.amazonaws.com/photos/220293695/square.jpeg
129615085,https://inaturalist-open-data.s3.amazonaws.com/photos/220293614/square.jpeg
129615085,https://inaturalist-open-data.s3.amazonaws.com/photos/220293635/square.jpeg
129615063,https://inaturalist-open-data.s3.amazonaws.com/photos/220293572/square.jpeg
129615063,https://inaturalist-open-data.s3.amazonaws.com/photos/220293591/square.jpeg
129615038,https://inaturalist-open-data.s3.amazonaws.com/photos/220293516/square.jpeg
129615038,https://inaturalist-open-data.s3.amazonaws.com/photos/220293539/square.jpeg
129615038,https://inaturalist-open-data.s3.amazonaws.com/photos/220293553/square.jpeg
129615008,https://inaturalist-open-data.s3.amazonaws.com/photos/220293472/square.jpeg
129615008,https://inaturalist-open-data.s3.amazonaws.com/photos/220293491/square.jpeg
129614969,https://inaturalist-open-data.s3.amazonaws.com/photos/220293453/square.jpeg
129614885,https://inaturalist-open-data.s3.amazonaws.com/photos/220293339/square.jpeg
129614885,https://inaturalist-open-data.s3.amazonaws.com/photos/220293428/square.jpeg
129614874,https://inaturalist-open-data.s3.amazonaws.com/photos/220293310/square.jpeg
129614813,https://inaturalist-open-data.s3.amazonaws.com/photos/220293172/square.jpeg
129614813,https://inaturalist-open-data.s3.amazonaws.com/photos/220293200/square.jpeg
129614813,https://inaturalist-open-data.s3.amazonaws.com/photos/220293273/square.jpeg
129614747,https://inaturalist-open-data.s3.amazonaws.com/photos/220293050/square.jpeg
129614747,https://inaturalist-open-data.s3.amazonaws.com/photos/220293148/square.jpeg
129614724,https://inaturalist-open-data.s3.amazonaws.com/photos/220292968/square.jpeg
129614724,https://inaturalist-open-data.s3.amazonaws.com/photos/220292985/square.jpeg
129614724,https://inaturalist-open-data.s3.amazonaws.com/photos/220292995/square.jpeg
129614724,https://inaturalist-open-data.s3.amazonaws.com/photos/220293012/square.jpeg
129614686,https://inaturalist-open-data.s3.amazonaws.com/photos/220292914/square.jpeg
129614686,https://inaturalist-open-data.s3.amazonaws.com/photos/220292944/square.jpeg
129614657,https://inaturalist-open-data.s3.amazonaws.com/photos/220292856/square.jpeg
129614657,https://inaturalist-open-data.s3.amazonaws.com/photos/220292874/square.jpeg
129614600,https://inaturalist-open-data.s3.amazonaws.com/photos/220292762/square.jpeg
129614600,https://inaturalist-open-data.s3.amazonaws.com/photos/220292792/square.jpeg
129614571,https://inaturalist-open-data.s3.amazonaws.com/photos/220292682/square.jpeg
129614571,https://inaturalist-open-data.s3.amazonaws.com/photos/220292696/square.jpeg
129614530,https://inaturalist-open-data.s3.amazonaws.com/photos/220292614/square.jpeg
129614530,https://inaturalist-open-data.s3.amazonaws.com/photos/220292640/square.jpeg
129614530,https://inaturalist-open-data.s3.amazonaws.com/photos/220292659/square.jpeg
129614490,https://inaturalist-open-data.s3.amazonaws.com/photos/220292556/square.jpeg
129614490,https://inaturalist-open-data.s3.amazonaws.com/photos/220292574/square.jpeg
129614490,https://inaturalist-open-data.s3.amazonaws.com/photos/220292586/square.jpeg
129614471,https://inaturalist-open-data.s3.amazonaws.com/photos/220292508/square.jpeg
129614471,https://inaturalist-open-data.s3.amazonaws.com/photos/220292536/square.jpeg
129614320,https://inaturalist-open-data.s3.amazonaws.com/photos/220292465/square.jpeg
129614320,https://inaturalist-open-data.s3.amazonaws.com/photos/220292483/square.jpeg
129592070,https://inaturalist-open-data.s3.amazonaws.com/photos/220290755/square.jpeg
129592070,https://inaturalist-open-data.s3.amazonaws.com/photos/220292108/square.jpeg
129592070,https://inaturalist-open-data.s3.amazonaws.com/photos/220292136/square.jpeg
129426543,https://inaturalist-open-data.s3.amazonaws.com/photos/219945947/square.jpeg
129426543,https://inaturalist-open-data.s3.amazonaws.com/photos/219945972/square.jpeg
129426543,https://inaturalist-open-data.s3.amazonaws.com/photos/219946009/square.jpeg
129426527,https://inaturalist-open-data.s3.amazonaws.com/photos/219945916/square.jpeg
129426505,https://inaturalist-open-data.s3.amazonaws.com/photos/219945891/square.jpeg
129426474,https://inaturalist-open-data.s3.amazonaws.com/photos/219945824/square.jpeg
129426474,https://inaturalist-open-data.s3.amazonaws.com/photos/219945849/square.jpeg
129426458,https://inaturalist-open-data.s3.amazonaws.com/photos/219945778/square.jpeg
129426458,https://inaturalist-open-data.s3.amazonaws.com/photos/219945803/square.jpeg
129426436,https://inaturalist-open-data.s3.amazonaws.com/photos/219945750/square.jpeg
129426394,https://inaturalist-open-data.s3.amazonaws.com/photos/219945679/square.jpeg
129426394,https://inaturalist-open-data.s3.amazonaws.com/photos/219945699/square.jpeg
129426394,https://inaturalist-open-data.s3.amazonaws.com/photos/219945715/square.jpeg
129426352,https://inaturalist-open-data.s3.amazonaws.com/photos/219945591/square.jpeg
129426352,https://inaturalist-open-data.s3.amazonaws.com/photos/219945621/square.jpeg
129426352,https://inaturalist-open-data.s3.amazonaws.com/photos/219945652/square.jpeg
129426316,https://inaturalist-open-data.s3.amazonaws.com/photos/219945509/square.jpeg
129426316,https://inaturalist-open-data.s3.amazonaws.com/photos/219945548/square.jpeg
129426283,https://inaturalist-open-data.s3.amazonaws.com/photos/219945445/square.jpeg
129426283,https://inaturalist-open-data.s3.amazonaws.com/photos/219945468/square.jpeg
129426244,https://inaturalist-open-data.s3.amazonaws.com/photos/219945350/square.jpeg
129426244,https://inaturalist-open-data.s3.amazonaws.com/photos/219945380/square.jpeg
129426244,https://inaturalist-open-data.s3.amazonaws.com/photos/219945412/square.jpeg
129426218,https://inaturalist-open-data.s3.amazonaws.com/photos/219945282/square.jpeg
129426218,https://inaturalist-open-data.s3.amazonaws.com/photos/219945309/square.jpeg
129426185,https://inaturalist-open-data.s3.amazonaws.com/photos/219945230/square.jpeg
129426185,https://inaturalist-open-data.s3.amazonaws.com/photos/219945254/square.jpeg
129426152,https://inaturalist-open-data.s3.amazonaws.com/photos/219945171/square.jpeg
129426152,https://inaturalist-open-data.s3.amazonaws.com/photos/219945198/square.jpeg
129426111,https://inaturalist-open-data.s3.amazonaws.com/photos/219945080/square.jpeg
129426111,https://inaturalist-open-data.s3.amazonaws.com/photos/219945112/square.jpeg
129426111,https://inaturalist-open-data.s3.amazonaws.com/photos/219945131/square.jpeg
129426076,https://inaturalist-open-data.s3.amazonaws.com/photos/219944994/square.jpeg
129426076,https://inaturalist-open-data.s3.amazonaws.com/photos/219945031/square.jpeg
129425976,https://inaturalist-open-data.s3.amazonaws.com/photos/219944847/square.jpeg
129425976,https://inaturalist-open-data.s3.amazonaws.com/photos/219944888/square.jpeg
129425976,https://inaturalist-open-data.s3.amazonaws.com/photos/219944941/square.jpeg
129425889,https://inaturalist-open-data.s3.amazonaws.com/photos/219944759/square.jpeg
129425889,https://inaturalist-open-data.s3.amazonaws.com/photos/219944811/square.jpeg
129425829,https://inaturalist-open-data.s3.amazonaws.com/photos/219944685/square.jpeg
129425829,https://inaturalist-open-data.s3.amazonaws.com/photos/219944728/square.jpeg
129425789,https://inaturalist-open-data.s3.amazonaws.com/photos/219944587/square.jpeg
129425789,https://inaturalist-open-data.s3.amazonaws.com/photos/219944642/square.jpeg
129425773,https://inaturalist-open-data.s3.amazonaws.com/photos/219944531/square.jpeg
129425773,https://inaturalist-open-data.s3.amazonaws.com/photos/219944559/square.jpeg
129425338,https://inaturalist-open-data.s3.amazonaws.com/photos/219943773/square.jpeg
129425338,https://inaturalist-open-data.s3.amazonaws.com/photos/219944473/square.jpeg
129425338,https://inaturalist-open-data.s3.amazonaws.com/photos/219944496/square.jpeg
129425271,https://inaturalist-open-data.s3.amazonaws.com/photos/219943630/square.jpeg
129425271,https://inaturalist-open-data.s3.amazonaws.com/photos/219943685/square.jpeg
128186546,https://inaturalist-open-data.s3.amazonaws.com/photos/217712850/square.jpeg
128186546,https://inaturalist-open-data.s3.amazonaws.com/photos/217714386/square.jpeg
128186546,https://inaturalist-open-data.s3.amazonaws.com/photos/219943576/square.jpeg
127267220,https://inaturalist-open-data.s3.amazonaws.com/photos/216041780/square.jpeg
127267220,https://inaturalist-open-data.s3.amazonaws.com/photos/216041811/square.jpeg
127263074,https://inaturalist-open-data.s3.amazonaws.com/photos/216033432/square.jpeg
127263074,https://inaturalist-open-data.s3.amazonaws.com/photos/216033460/square.jpeg
127235353,https://inaturalist-open-data.s3.amazonaws.com/photos/215984169/square.jpeg
127235353,https://inaturalist-open-data.s3.amazonaws.com/photos/215984202/square.jpeg
127235322,https://inaturalist-open-data.s3.amazonaws.com/photos/215984107/square.jpeg
127235322,https://inaturalist-open-data.s3.amazonaws.com/photos/215984135/square.jpeg
127235287,https://inaturalist-open-data.s3.amazonaws.com/photos/215984049/square.jpeg
127235287,https://inaturalist-open-data.s3.amazonaws.com/photos/215984075/square.jpeg
127235207,https://inaturalist-open-data.s3.amazonaws.com/photos/215983975/square.jpeg
127235207,https://inaturalist-open-data.s3.amazonaws.com/photos/215984000/square.jpeg
127235169,https://inaturalist-open-data.s3.amazonaws.com/photos/215983935/square.jpeg
127235131,https://inaturalist-open-data.s3.amazonaws.com/photos/215983875/square.jpeg
127235131,https://inaturalist-open-data.s3.amazonaws.com/photos/215983903/square.jpeg
127235088,https://inaturalist-open-data.s3.amazonaws.com/photos/215983781/square.jpeg
127235088,https://inaturalist-open-data.s3.amazonaws.com/photos/215983835/square.jpeg
127235052,https://inaturalist-open-data.s3.amazonaws.com/photos/215983712/square.jpeg
127235052,https://inaturalist-open-data.s3.amazonaws.com/photos/215983744/square.jpeg
127235020,https://inaturalist-open-data.s3.amazonaws.com/photos/215983643/square.jpeg
127235020,https://inaturalist-open-data.s3.amazonaws.com/photos/215983670/square.jpeg
127234953,https://inaturalist-open-data.s3.amazonaws.com/photos/215983573/square.jpeg
127234953,https://inaturalist-open-data.s3.amazonaws.com/photos/215983606/square.jpeg
127234913,https://inaturalist-open-data.s3.amazonaws.com/photos/215983509/square.jpeg
127234913,https://inaturalist-open-data.s3.amazonaws.com/photos/215983532/square.jpeg
127159581,https://inaturalist-open-data.s3.amazonaws.com/photos/215983454/square.jpeg
127159581,https://inaturalist-open-data.s3.amazonaws.com/photos/215983478/square.jpeg
127159489,https://inaturalist-open-data.s3.amazonaws.com/photos/215846232/square.jpeg
127159489,https://inaturalist-open-data.s3.amazonaws.com/photos/215846259/square.jpeg
127159489,https://inaturalist-open-data.s3.amazonaws.com/photos/215846414/square.jpeg
127159444,https://inaturalist-open-data.s3.amazonaws.com/photos/215846181/square.jpeg
127159444,https://inaturalist-open-data.s3.amazonaws.com/photos/215846201/square.jpeg
127159444,https://inaturalist-open-data.s3.amazonaws.com/photos/215846216/square.jpeg
127159413,https://inaturalist-open-data.s3.amazonaws.com/photos/215846130/square.jpeg
127159413,https://inaturalist-open-data.s3.amazonaws.com/photos/215846155/square.jpeg
127159361,https://inaturalist-open-data.s3.amazonaws.com/photos/215846066/square.jpeg
127159361,https://inaturalist-open-data.s3.amazonaws.com/photos/215846079/square.jpeg
127159361,https://inaturalist-open-data.s3.amazonaws.com/photos/215846103/square.jpeg
127144248,https://inaturalist-open-data.s3.amazonaws.com/photos/215846026/square.jpeg
127144248,https://inaturalist-open-data.s3.amazonaws.com/photos/215846038/square.jpeg
126251684,https://inaturalist-open-data.s3.amazonaws.com/photos/214194209/square.jpeg
126251684,https://inaturalist-open-data.s3.amazonaws.com/photos/214194237/square.jpeg
126251684,https://inaturalist-open-data.s3.amazonaws.com/photos/214194264/square.jpeg
125179093,https://inaturalist-open-data.s3.amazonaws.com/photos/212262906/square.jpeg
125179093,https://inaturalist-open-data.s3.amazonaws.com/photos/212262943/square.jpeg
125179093,https://inaturalist-open-data.s3.amazonaws.com/photos/212262980/square.jpeg
125178604,https://inaturalist-open-data.s3.amazonaws.com/photos/212261850/square.jpeg
125177475,https://inaturalist-open-data.s3.amazonaws.com/photos/212260147/square.jpeg
125177033,https://inaturalist-open-data.s3.amazonaws.com/photos/212258960/square.jpeg
125177033,https://inaturalist-open-data.s3.amazonaws.com/photos/212258992/square.jpeg
125177033,https://inaturalist-open-data.s3.amazonaws.com/photos/212259033/square.jpeg
125089273,https://inaturalist-open-data.s3.amazonaws.com/photos/212098488/square.jpeg
125089273,https://inaturalist-open-data.s3.amazonaws.com/photos/212098520/square.jpeg
125089273,https://inaturalist-open-data.s3.amazonaws.com/photos/212098561/square.jpeg
125089173,https://inaturalist-open-data.s3.amazonaws.com/photos/212098368/square.jpeg
125089173,https://inaturalist-open-data.s3.amazonaws.com/photos/212098410/square.jpeg
125089173,https://inaturalist-open-data.s3.amazonaws.com/photos/212098441/square.jpeg
125089122,https://inaturalist-open-data.s3.amazonaws.com/photos/212098161/square.jpeg
125089122,https://inaturalist-open-data.s3.amazonaws.com/photos/212098193/square.jpeg
125089122,https://inaturalist-open-data.s3.amazonaws.com/photos/212098237/square.jpeg
125088928,https://inaturalist-open-data.s3.amazonaws.com/photos/212097779/square.jpeg
125088928,https://inaturalist-open-data.s3.amazonaws.com/photos/212097813/square.jpeg
125088928,https://inaturalist-open-data.s3.amazonaws.com/photos/212098110/square.jpeg
125088888,https://inaturalist-open-data.s3.amazonaws.com/photos/212097676/square.jpeg
125088888,https://inaturalist-open-data.s3.amazonaws.com/photos/212097704/square.jpeg
125088888,https://inaturalist-open-data.s3.amazonaws.com/photos/212097736/square.jpeg
125088452,https://inaturalist-open-data.s3.amazonaws.com/photos/212097539/square.jpeg
125088452,https://inaturalist-open-data.s3.amazonaws.com/photos/212097585/square.jpeg
125088452,https://inaturalist-open-data.s3.amazonaws.com/photos/212097623/square.jpeg
125088391,https://inaturalist-open-data.s3.amazonaws.com/photos/212096570/square.jpeg
125088391,https://inaturalist-open-data.s3.amazonaws.com/photos/212096623/square.jpeg
125088391,https://inaturalist-open-data.s3.amazonaws.com/photos/212096657/square.jpeg
125080941,https://inaturalist-open-data.s3.amazonaws.com/photos/212096409/square.jpeg
125080941,https://inaturalist-open-data.s3.amazonaws.com/photos/212096446/square.jpeg
125080941,https://inaturalist-open-data.s3.amazonaws.com/photos/212096465/square.jpeg
125080941,https://inaturalist-open-data.s3.amazonaws.com/photos/212096500/square.jpeg
125080941,https://inaturalist-open-data.s3.amazonaws.com/photos/212096526/square.jpeg
124144522,https://inaturalist-open-data.s3.amazonaws.com/photos/210390795/square.jpeg
124144522,https://inaturalist-open-data.s3.amazonaws.com/photos/210390890/square.jpeg
124144522,https://inaturalist-open-data.s3.amazonaws.com/photos/210390955/square.jpeg
124144374,https://inaturalist-open-data.s3.amazonaws.com/photos/210390554/square.jpeg
124144374,https://inaturalist-open-data.s3.amazonaws.com/photos/210390623/square.jpeg
124144374,https://inaturalist-open-data.s3.amazonaws.com/photos/210390693/square.jpeg
124144374,https://inaturalist-open-data.s3.amazonaws.com/photos/210390734/square.jpeg
124116854,https://inaturalist-open-data.s3.amazonaws.com/photos/210341329/square.jpeg
124116854,https://inaturalist-open-data.s3.amazonaws.com/photos/210341375/square.jpeg
124116854,https://inaturalist-open-data.s3.amazonaws.com/photos/210341410/square.jpeg
124116854,https://inaturalist-open-data.s3.amazonaws.com/photos/210341473/square.jpeg
123110710,https://inaturalist-open-data.s3.amazonaws.com/photos/208522084/square.jpeg
123110710,https://inaturalist-open-data.s3.amazonaws.com/photos/208522121/square.jpeg
122034144,https://inaturalist-open-data.s3.amazonaws.com/photos/206571381/square.jpeg
122034101,https://inaturalist-open-data.s3.amazonaws.com/photos/206571313/square.jpeg
122034031,https://inaturalist-open-data.s3.amazonaws.com/photos/206571207/square.jpeg
120865520,https://inaturalist-open-data.s3.amazonaws.com/photos/206571128/square.jpeg
120862697,https://inaturalist-open-data.s3.amazonaws.com/photos/204470513/square.jpeg
120854064,https://inaturalist-open-data.s3.amazonaws.com/photos/204449447/square.jpeg
120854050,https://inaturalist-open-data.s3.amazonaws.com/photos/204449414/square.jpeg
120854032,https://inaturalist-open-data.s3.amazonaws.com/photos/204449362/square.jpeg
120853982,https://inaturalist-open-data.s3.amazonaws.com/photos/204449319/square.jpeg
120853952,https://inaturalist-open-data.s3.amazonaws.com/photos/204449233/square.jpeg
120853911,https://inaturalist-open-data.s3.amazonaws.com/photos/204449141/square.jpeg
120853911,https://inaturalist-open-data.s3.amazonaws.com/photos/204449162/square.jpeg
120853831,https://inaturalist-open-data.s3.amazonaws.com/photos/204449060/square.jpeg
120853831,https://inaturalist-open-data.s3.amazonaws.com/photos/204449105/square.jpeg
120853816,https://inaturalist-open-data.s3.amazonaws.com/photos/204449019/square.jpeg
120853797,https://inaturalist-open-data.s3.amazonaws.com/photos/204448977/square.jpeg
120853782,https://inaturalist-open-data.s3.amazonaws.com/photos/204448923/square.jpeg
120853763,https://inaturalist-open-data.s3.amazonaws.com/photos/204448893/square.jpeg
120853731,https://inaturalist-open-data.s3.amazonaws.com/photos/204448821/square.jpeg
120853731,https://inaturalist-open-data.s3.amazonaws.com/photos/204448857/square.jpeg
120853704,https://inaturalist-open-data.s3.amazonaws.com/photos/204448768/square.jpeg
98212870,https://inaturalist-open-data.s3.amazonaws.com/photos/163474723/square.jpeg
98212030,https://inaturalist-open-data.s3.amazonaws.com/photos/163473430/square.jpeg
98211468,https://inaturalist-open-data.s3.amazonaws.com/photos/163472323/square.jpeg
98208960,https://inaturalist-open-data.s3.amazonaws.com/photos/163467629/square.jpeg
98207960,https://inaturalist-open-data.s3.amazonaws.com/photos/163465855/square.jpeg
98206727,https://inaturalist-open-data.s3.amazonaws.com/photos/163463797/square.jpeg
98206134,https://inaturalist-open-data.s3.amazonaws.com/photos/163462647/square.jpeg
98205748,https://inaturalist-open-data.s3.amazonaws.com/photos/163461911/square.jpeg
97479705,https://inaturalist-open-data.s3.amazonaws.com/photos/162124691/square.jpeg
97477926,https://inaturalist-open-data.s3.amazonaws.com/photos/162121410/square.jpeg
97477433,https://inaturalist-open-data.s3.amazonaws.com/photos/162120533/square.jpeg
97476269,https://inaturalist-open-data.s3.amazonaws.com/photos/162118569/square.jpeg
97475145,https://inaturalist-open-data.s3.amazonaws.com/photos/162116555/square.jpeg
97474700,https://inaturalist-open-data.s3.amazonaws.com/photos/162115638/square.jpeg
97465824,https://inaturalist-open-data.s3.amazonaws.com/photos/162100545/square.jpeg
97464847,https://inaturalist-open-data.s3.amazonaws.com/photos/162098726/square.jpeg
97464525,https://inaturalist-open-data.s3.amazonaws.com/photos/162098049/square.jpeg
97463536,https://inaturalist-open-data.s3.amazonaws.com/photos/162096487/square.jpeg
97463094,https://inaturalist-open-data.s3.amazonaws.com/photos/162095386/square.jpeg
97456901,https://inaturalist-open-data.s3.amazonaws.com/photos/162084011/square.jpeg
97456368,https://inaturalist-open-data.s3.amazonaws.com/photos/162083039/square.jpeg
96721806,https://inaturalist-open-data.s3.amazonaws.com/photos/160726913/square.jpeg
96721265,https://inaturalist-open-data.s3.amazonaws.com/photos/160725899/square.jpeg
96720569,https://inaturalist-open-data.s3.amazonaws.com/photos/160724297/square.jpeg
96720122,https://inaturalist-open-data.s3.amazonaws.com/photos/160723394/square.jpeg
96719871,https://inaturalist-open-data.s3.amazonaws.com/photos/160722998/square.jpeg
96719301,https://inaturalist-open-data.s3.amazonaws.com/photos/160722011/square.jpeg
96718409,https://inaturalist-open-data.s3.amazonaws.com/photos/160720376/square.jpeg
96718182,https://inaturalist-open-data.s3.amazonaws.com/photos/160720030/square.jpeg
96717706,https://inaturalist-open-data.s3.amazonaws.com/photos/160719346/square.jpeg
96717383,https://inaturalist-open-data.s3.amazonaws.com/photos/160718637/square.jpeg
96716792,https://inaturalist-open-data.s3.amazonaws.com/photos/160717602/square.jpeg
96716009,https://inaturalist-open-data.s3.amazonaws.com/photos/160716131/square.jpeg
95061988,https://inaturalist-open-data.s3.amazonaws.com/photos/157770371/square.jpeg
95059308,https://inaturalist-open-data.s3.amazonaws.com/photos/157765832/square.jpeg
95058500,https://inaturalist-open-data.s3.amazonaws.com/photos/157764272/square.jpeg
95058037,https://inaturalist-open-data.s3.amazonaws.com/photos/157763593/square.jpeg
95056553,https://inaturalist-open-data.s3.amazonaws.com/photos/157761421/square.jpeg
95056269,https://inaturalist-open-data.s3.amazonaws.com/photos/157760983/square.jpeg
95055965,https://inaturalist-open-data.s3.amazonaws.com/photos/157760465/square.jpeg
95055534,https://inaturalist-open-data.s3.amazonaws.com/photos/157759714/square.jpeg
95053723,https://inaturalist-open-data.s3.amazonaws.com/photos/157756154/square.jpeg
95052745,https://inaturalist-open-data.s3.amazonaws.com/photos/157754269/square.jpeg
95051898,https://inaturalist-open-data.s3.amazonaws.com/photos/157752766/square.jpeg
95051024,https://inaturalist-open-data.s3.amazonaws.com/photos/157750993/square.jpeg
95048471,https://inaturalist-open-data.s3.amazonaws.com/photos/157746861/square.jpeg
95048140,https://inaturalist-open-data.s3.amazonaws.com/photos/157746304/square.jpeg
95043392,https://inaturalist-open-data.s3.amazonaws.com/photos/157738941/square.jpeg
95043213,https://inaturalist-open-data.s3.amazonaws.com/photos/157737441/square.jpeg
94251943,https://inaturalist-open-data.s3.amazonaws.com/photos/156326339/square.jpeg
94251544,https://inaturalist-open-data.s3.amazonaws.com/photos/156325777/square.jpeg
94251211,https://inaturalist-open-data.s3.amazonaws.com/photos/156325122/square.jpeg
94247357,https://inaturalist-open-data.s3.amazonaws.com/photos/156318725/square.jpeg
94241669,https://inaturalist-open-data.s3.amazonaws.com/photos/156309261/square.jpeg
94234225,https://inaturalist-open-data.s3.amazonaws.com/photos/156296299/square.jpeg
94233409,https://inaturalist-open-data.s3.amazonaws.com/photos/156294752/square.jpeg
94233059,https://inaturalist-open-data.s3.amazonaws.com/photos/156294061/square.jpeg
94229726,https://inaturalist-open-data.s3.amazonaws.com/photos/156288673/square.jpeg
94228729,https://inaturalist-open-data.s3.amazonaws.com/photos/156287064/square.jpeg
94227574,https://inaturalist-open-data.s3.amazonaws.com/photos/156284957/square.jpeg
94227306,https://inaturalist-open-data.s3.amazonaws.com/photos/156284366/square.jpeg
94225169,https://inaturalist-open-data.s3.amazonaws.com/photos/156280736/square.jpeg
94224340,https://inaturalist-open-data.s3.amazonaws.com/photos/156279280/square.jpeg
93400280,https://inaturalist-open-data.s3.amazonaws.com/photos/154797595/square.jpeg
93399135,https://inaturalist-open-data.s3.amazonaws.com/photos/154795627/square.jpeg
93398224,https://inaturalist-open-data.s3.amazonaws.com/photos/154794111/square.jpeg
93397619,https://inaturalist-open-data.s3.amazonaws.com/photos/154793170/square.jpeg
93396730,https://inaturalist-open-data.s3.amazonaws.com/photos/154791562/square.jpeg
93396257,https://inaturalist-open-data.s3.amazonaws.com/photos/154790791/square.jpeg
93394441,https://inaturalist-open-data.s3.amazonaws.com/photos/154787387/square.jpeg
92802244,https://inaturalist-open-data.s3.amazonaws.com/photos/153711734/square.jpeg
92791134,https://inaturalist-open-data.s3.amazonaws.com/photos/153692463/square.jpeg
92608095,https://inaturalist-open-data.s3.amazonaws.com/photos/153362089/square.jpeg
92591434,https://inaturalist-open-data.s3.amazonaws.com/photos/153331701/square.jpeg
92591236,https://inaturalist-open-data.s3.amazonaws.com/photos/153331347/square.jpeg
92591105,https://inaturalist-open-data.s3.amazonaws.com/photos/153331087/square.jpeg
92588340,https://inaturalist-open-data.s3.amazonaws.com/photos/153326092/square.jpeg
92588045,https://inaturalist-open-data.s3.amazonaws.com/photos/153325512/square.jpeg
92587710,https://inaturalist-open-data.s3.amazonaws.com/photos/153324971/square.jpeg
92586864,https://inaturalist-open-data.s3.amazonaws.com/photos/153323600/square.jpeg
92586529,https://inaturalist-open-data.s3.amazonaws.com/photos/153323077/square.jpeg
92586114,https://inaturalist-open-data.s3.amazonaws.com/photos/153322378/square.jpeg
92585936,https://inaturalist-open-data.s3.amazonaws.com/photos/153322025/square.jpeg
92585793,https://inaturalist-open-data.s3.amazonaws.com/photos/153321765/square.jpeg
91688342,https://inaturalist-open-data.s3.amazonaws.com/photos/151703662/square.jpeg
91688180,https://inaturalist-open-data.s3.amazonaws.com/photos/151703314/square.jpeg
91667055,https://inaturalist-open-data.s3.amazonaws.com/photos/151665780/square.jpeg
91666505,https://inaturalist-open-data.s3.amazonaws.com/photos/151664890/square.jpeg
91665985,https://inaturalist-open-data.s3.amazonaws.com/photos/151663784/square.jpeg
91665208,https://inaturalist-open-data.s3.amazonaws.com/photos/151662632/square.jpeg
91665208,https://inaturalist-open-data.s3.amazonaws.com/photos/151662765/square.jpeg
91663321,https://inaturalist-open-data.s3.amazonaws.com/photos/151660458/square.jpeg
91663034,https://inaturalist-open-data.s3.amazonaws.com/photos/151659065/square.jpeg
91661400,https://inaturalist-open-data.s3.amazonaws.com/photos/151655902/square.jpeg
91660945,https://inaturalist-open-data.s3.amazonaws.com/photos/151654981/square.jpeg
91149839,https://inaturalist-open-data.s3.amazonaws.com/photos/150724801/square.jpeg
91149839,https://inaturalist-open-data.s3.amazonaws.com/photos/150724847/square.jpeg
91149753,https://inaturalist-open-data.s3.amazonaws.com/photos/150724695/square.jpeg
91149753,https://inaturalist-open-data.s3.amazonaws.com/photos/150724737/square.jpeg
91149713,https://inaturalist-open-data.s3.amazonaws.com/photos/150724569/square.jpeg
91149713,https://inaturalist-open-data.s3.amazonaws.com/photos/150724599/square.jpeg
91149369,https://inaturalist-open-data.s3.amazonaws.com/photos/150724483/square.jpeg
91149369,https://inaturalist-open-data.s3.amazonaws.com/photos/150724526/square.jpeg
91149324,https://inaturalist-open-data.s3.amazonaws.com/photos/150723595/square.jpeg
91149324,https://inaturalist-open-data.s3.amazonaws.com/photos/150723632/square.jpeg
91149284,https://inaturalist-open-data.s3.amazonaws.com/photos/150723495/square.jpeg
91149284,https://inaturalist-open-data.s3.amazonaws.com/photos/150723527/square.jpeg
91149244,https://inaturalist-open-data.s3.amazonaws.com/photos/150723370/square.jpeg
91149244,https://inaturalist-open-data.s3.amazonaws.com/photos/150723412/square.jpeg
91149170,https://inaturalist-open-data.s3.amazonaws.com/photos/150723301/square.jpeg
91149170,https://inaturalist-open-data.s3.amazonaws.com/photos/150723320/square.jpeg
91149023,https://inaturalist-open-data.s3.amazonaws.com/photos/150723157/square.jpeg
91149023,https://inaturalist-open-data.s3.amazonaws.com/photos/150723239/square.jpeg
91148815,https://inaturalist-open-data.s3.amazonaws.com/photos/150723022/square.jpeg
91148815,https://inaturalist-open-data.s3.amazonaws.com/photos/150723060/square.jpeg
91148750,https://inaturalist-open-data.s3.amazonaws.com/photos/150722563/square.jpeg
91148750,https://inaturalist-open-data.s3.amazonaws.com/photos/150722631/square.jpeg
91148584,https://inaturalist-open-data.s3.amazonaws.com/photos/150722474/square.jpeg
91148584,https://inaturalist-open-data.s3.amazonaws.com/photos/150722506/square.jpeg
91148502,https://inaturalist-open-data.s3.amazonaws.com/photos/150722231/square.jpeg
91148502,https://inaturalist-open-data.s3.amazonaws.com/photos/150722274/square.jpeg
91147759,https://inaturalist-open-data.s3.amazonaws.com/photos/150721093/square.jpeg
91147759,https://inaturalist-open-data.s3.amazonaws.com/photos/150722112/square.jpeg
91146528,https://inaturalist-open-data.s3.amazonaws.com/photos/150719012/square.jpeg
91146528,https://inaturalist-open-data.s3.amazonaws.com/photos/150720790/square.jpeg
91146172,https://inaturalist-open-data.s3.amazonaws.com/photos/150718528/square.jpeg
91146172,https://inaturalist-open-data.s3.amazonaws.com/photos/150718725/square.jpeg
90816919,https://inaturalist-open-data.s3.amazonaws.com/photos/150131658/square.jpeg
90809333,https://inaturalist-open-data.s3.amazonaws.com/photos/150115711/square.jpeg
90808534,https://inaturalist-open-data.s3.amazonaws.com/photos/150114081/square.jpeg
90808055,https://inaturalist-open-data.s3.amazonaws.com/photos/150113422/square.jpeg
90807765,https://inaturalist-open-data.s3.amazonaws.com/photos/150112769/square.jpeg
90066538,https://inaturalist-open-data.s3.amazonaws.com/photos/148804094/square.jpeg
90066429,https://inaturalist-open-data.s3.amazonaws.com/photos/148803851/square.jpeg
90066333,https://inaturalist-open-data.s3.amazonaws.com/photos/148803657/square.jpeg
90066260,https://inaturalist-open-data.s3.amazonaws.com/photos/148803477/square.jpeg
90065849,https://inaturalist-open-data.s3.amazonaws.com/photos/148802885/square.jpeg
90065675,https://inaturalist-open-data.s3.amazonaws.com/photos/148802523/square.jpeg
90065094,https://inaturalist-open-data.s3.amazonaws.com/photos/148801327/square.jpeg
90064898,https://inaturalist-open-data.s3.amazonaws.com/photos/148800902/square.jpeg
90064586,https://inaturalist-open-data.s3.amazonaws.com/photos/148800405/square.jpeg
90055347,https://inaturalist-open-data.s3.amazonaws.com/photos/148782868/square.jpeg
90055044,https://inaturalist-open-data.s3.amazonaws.com/photos/148782319/square.jpeg
90053770,https://inaturalist-open-data.s3.amazonaws.com/photos/148779898/square.jpeg
90053606,https://inaturalist-open-data.s3.amazonaws.com/photos/148779677/square.jpeg
89348803,https://inaturalist-open-data.s3.amazonaws.com/photos/147537803/square.jpeg
89344271,https://inaturalist-open-data.s3.amazonaws.com/photos/147529425/square.jpeg
89344200,https://inaturalist-open-data.s3.amazonaws.com/photos/147529304/square.jpeg
89344139,https://inaturalist-open-data.s3.amazonaws.com/photos/147529219/square.jpeg
89343831,https://inaturalist-open-data.s3.amazonaws.com/photos/147529145/square.jpeg
89341626,https://inaturalist-open-data.s3.amazonaws.com/photos/147528582/square.jpeg
89327712,https://inaturalist-open-data.s3.amazonaws.com/photos/147502068/square.jpeg
89322683,https://inaturalist-open-data.s3.amazonaws.com/photos/147494245/square.jpeg
89322186,https://inaturalist-open-data.s3.amazonaws.com/photos/147493386/square.jpeg
89099013,https://inaturalist-open-data.s3.amazonaws.com/photos/147093470/square.jpeg
89098705,https://inaturalist-open-data.s3.amazonaws.com/photos/147092846/square.jpeg
89087468,https://inaturalist-open-data.s3.amazonaws.com/photos/147074003/square.jpeg
89084070,https://inaturalist-open-data.s3.amazonaws.com/photos/147068634/square.jpeg
89078873,https://inaturalist-open-data.s3.amazonaws.com/photos/147059246/square.jpeg
89077767,https://inaturalist-open-data.s3.amazonaws.com/photos/147056972/square.jpeg
89076367,https://inaturalist-open-data.s3.amazonaws.com/photos/147054571/square.jpeg
89075949,https://inaturalist-open-data.s3.amazonaws.com/photos/147053982/square.jpeg
89075467,https://inaturalist-open-data.s3.amazonaws.com/photos/147053131/square.jpeg
89075082,https://inaturalist-open-data.s3.amazonaws.com/photos/147052449/square.jpeg
89074004,https://inaturalist-open-data.s3.amazonaws.com/photos/147050351/square.jpeg
89073779,https://inaturalist-open-data.s3.amazonaws.com/photos/147049959/square.jpeg
87175561,https://inaturalist-open-data.s3.amazonaws.com/photos/143682214/square.jpeg
87174713,https://inaturalist-open-data.s3.amazonaws.com/photos/143680762/square.jpeg
87168152,https://inaturalist-open-data.s3.amazonaws.com/photos/143669065/square.jpeg
87167668,https://inaturalist-open-data.s3.amazonaws.com/photos/143668307/square.jpeg
87165821,https://inaturalist-open-data.s3.amazonaws.com/photos/143664757/square.jpeg
80439259,https://inaturalist-open-data.s3.amazonaws.com/photos/131840714/square.jpeg
80438773,https://inaturalist-open-data.s3.amazonaws.com/photos/131839879/square.jpeg
80438258,https://inaturalist-open-data.s3.amazonaws.com/photos/131838978/square.jpeg
80436776,https://inaturalist-open-data.s3.amazonaws.com/photos/131836449/square.jpeg
80436492,https://inaturalist-open-data.s3.amazonaws.com/photos/131835808/square.jpeg
57023160,https://inaturalist-open-data.s3.amazonaws.com/photos/90923760/square.jpeg
57023087,https://inaturalist-open-data.s3.amazonaws.com/photos/90923629/square.jpeg
57023012,https://inaturalist-open-data.s3.amazonaws.com/photos/90923443/square.jpeg
57022930,https://inaturalist-open-data.s3.amazonaws.com/photos/90923311/square.jpeg
57022883,https://inaturalist-open-data.s3.amazonaws.com/photos/90923186/square.jpeg
57022795,https://inaturalist-open-data.s3.amazonaws.com/photos/90923068/square.jpeg
57022713,https://inaturalist-open-data.s3.amazonaws.com/photos/90922942/square.jpeg
57022540,https://inaturalist-open-data.s3.amazonaws.com/photos/90922826/square.jpeg
57021414,https://inaturalist-open-data.s3.amazonaws.com/photos/90922674/square.jpeg
57021349,https://inaturalist-open-data.s3.amazonaws.com/photos/90920399/square.jpeg
57021280,https://inaturalist-open-data.s3.amazonaws.com/photos/90920315/square.jpeg
57021195,https://inaturalist-open-data.s3.amazonaws.com/photos/90920108/square.jpeg
57021136,https://inaturalist-open-data.s3.amazonaws.com/photos/90919928/square.jpeg
57021039,https://inaturalist-open-data.s3.amazonaws.com/photos/90919800/square.jpeg
57020968,https://inaturalist-open-data.s3.amazonaws.com/photos/90919638/square.jpeg
57020906,https://inaturalist-open-data.s3.amazonaws.com/photos/90919535/square.jpeg
57020828,https://inaturalist-open-data.s3.amazonaws.com/photos/90919439/square.jpeg
57020726,https://inaturalist-open-data.s3.amazonaws.com/photos/90919320/square.jpeg
57020657,https://inaturalist-open-data.s3.amazonaws.com/photos/90919195/square.jpeg
57020593,https://inaturalist-open-data.s3.amazonaws.com/photos/90919085/square.jpeg
57020448,https://inaturalist-open-data.s3.amazonaws.com/photos/90918973/square.jpeg
29282690,https://inaturalist-open-data.s3.amazonaws.com/photos/45692198/square.jpeg
29282645,https://inaturalist-open-data.s3.amazonaws.com/photos/45692140/square.jpeg
29282601,https://inaturalist-open-data.s3.amazonaws.com/photos/45692037/square.jpeg
29282556,https://inaturalist-open-data.s3.amazonaws.com/photos/45691889/square.jpeg
26720754,https://inaturalist-open-data.s3.amazonaws.com/photos/41507604/square.jpeg
26720678,https://inaturalist-open-data.s3.amazonaws.com/photos/41507506/square.jpeg
26720594,https://inaturalist-open-data.s3.amazonaws.com/photos/41507388/square.jpeg
26720500,https://inaturalist-open-data.s3.amazonaws.com/photos/41507236/square.jpeg
16319898,https://inaturalist-open-data.s3.amazonaws.com/photos/24520223/square.jpeg
16319629,https://inaturalist-open-data.s3.amazonaws.com/photos/24518566/square.jpeg
15306428,https://inaturalist-open-data.s3.amazonaws.com/photos/22916016/square.jpeg
14726034,https://inaturalist-open-data.s3.amazonaws.com/photos/22915994/square.jpeg
14505223,https://inaturalist-open-data.s3.amazonaws.com/photos/21593168/square.jpeg
14505216,https://inaturalist-open-data.s3.amazonaws.com/photos/21593142/square.jpeg
14505185,https://inaturalist-open-data.s3.amazonaws.com/photos/21593109/square.jpeg
14505171,https://inaturalist-open-data.s3.amazonaws.com/photos/21593068/square.jpeg
14503431,https://inaturalist-open-data.s3.amazonaws.com/photos/21589417/square.jpeg
14265482,https://inaturalist-open-data.s3.amazonaws.com/photos/21176369/square.jpeg
14265146,https://inaturalist-open-data.s3.amazonaws.com/photos/21175796/square.jpeg
14265086,https://inaturalist-open-data.s3.amazonaws.com/photos/21175780/square.jpeg
14265061,https://inaturalist-open-data.s3.amazonaws.com/photos/21175696/square.jpeg
14065768,https://inaturalist-open-data.s3.amazonaws.com/photos/20818315/square.jpeg
13203075,https://inaturalist-open-data.s3.amazonaws.com/photos/19303929/square.jpeg
13177982,https://inaturalist-open-data.s3.amazonaws.com/photos/19255007/square.jpeg
13177982,https://inaturalist-open-data.s3.amazonaws.com/photos/19255016/square.jpeg
13177982,https://inaturalist-open-data.s3.amazonaws.com/photos/19255033/square.jpeg
13177982,https://inaturalist-open-data.s3.amazonaws.com/photos/19258374/square.jpeg
13177982,https://inaturalist-open-data.s3.amazonaws.com/photos/19261119/square.jpeg
13177982,https://inaturalist-open-data.s3.amazonaws.com/photos/19653151/square.jpeg
13177982,https://inaturalist-open-data.s3.amazonaws.com/photos/20729446/square.jpeg
13177982,https://inaturalist-open-data.s3.amazonaws.com/photos/21175631/square.jpeg
13177982,https://inaturalist-open-data.s3.amazonaws.com/photos/21589298/square.jpeg
13177982,https://inaturalist-open-data.s3.amazonaws.com/photos/21963814/square.jpeg
13177982,https://inaturalist-open-data.s3.amazonaws.com/photos/22915964/square.jpeg
13177982,https://inaturalist-open-data.s3.amazonaws.com/photos/25556553/square.jpeg
13177982,https://inaturalist-open-data.s3.amazonaws.com/photos/26135422/square.jpeg
13177982,https://inaturalist-open-data.s3.amazonaws.com/photos/26135423/square.jpeg
12548268,https://inaturalist-open-data.s3.amazonaws.com/photos/18125997/square.jpeg
7947755,https://inaturalist-open-data.s3.amazonaws.com/photos/10497121/square.jpeg
7947710,https://inaturalist-open-data.s3.amazonaws.com/photos/10497093/square.jpeg
7947402,https://inaturalist-open-data.s3.amazonaws.com/photos/10497010/square.jpeg
7946865,https://inaturalist-open-data.s3.amazonaws.com/photos/10495789/square.jpeg
7946708,https://inaturalist-open-data.s3.amazonaws.com/photos/10495747/square.jpeg
7946679,https://inaturalist-open-data.s3.amazonaws.com/photos/10495488/square.jpeg
7946385,https://inaturalist-open-data.s3.amazonaws.com/photos/10495053/square.jpeg
7946094,https://inaturalist-open-data.s3.amazonaws.com/photos/10495021/square.jpeg
7945415,https://inaturalist-open-data.s3.amazonaws.com/photos/10493581/square.jpeg
7945383,https://inaturalist-open-data.s3.amazonaws.com/photos/10493547/square.jpeg
7064271,https://inaturalist-open-data.s3.amazonaws.com/photos/9070144/square.jpeg
7064182,https://inaturalist-open-data.s3.amazonaws.com/photos/9070102/square.jpeg
7064096,https://inaturalist-open-data.s3.amazonaws.com/photos/9069790/square.jpeg
7064032,https://inaturalist-open-data.s3.amazonaws.com/photos/9069772/square.jpeg
7063991,https://inaturalist-open-data.s3.amazonaws.com/photos/9069689/square.jpeg
7063873,https://inaturalist-open-data.s3.amazonaws.com/photos/9069546/square.jpeg
7063813,https://inaturalist-open-data.s3.amazonaws.com/photos/9069504/square.jpeg
7063465,https://inaturalist-open-data.s3.amazonaws.com/photos/9069477/square.jpeg
7062317,https://inaturalist-open-data.s3.amazonaws.com/photos/9067267/square.jpeg
7062211,https://inaturalist-open-data.s3.amazonaws.com/photos/9067148/square.jpeg
7062153,https://inaturalist-open-data.s3.amazonaws.com/photos/9067015/square.jpeg
7061821,https://inaturalist-open-data.s3.amazonaws.com/photos/9066444/square.jpeg
7061751,https://inaturalist-open-data.s3.amazonaws.com/photos/9066204/square.jpeg
7061547,https://inaturalist-open-data.s3.amazonaws.com/photos/9066010/square.jpeg
6694853,https://inaturalist-open-data.s3.amazonaws.com/photos/8490425/square.jpeg
6694845,https://inaturalist-open-data.s3.amazonaws.com/photos/8490220/square.jpeg
6694834,https://inaturalist-open-data.s3.amazonaws.com/photos/8490193/square.jpeg
6694806,https://inaturalist-open-data.s3.amazonaws.com/photos/8490154/square.jpeg
6694785,https://inaturalist-open-data.s3.amazonaws.com/photos/8490124/square.jpeg
6694780,https://inaturalist-open-data.s3.amazonaws.com/photos/8490113/square.jpeg
6694768,https://inaturalist-open-data.s3.amazonaws.com/photos/8490093/square.jpeg
6694757,https://inaturalist-open-data.s3.amazonaws.com/photos/8490085/square.jpeg
6691599,https://inaturalist-open-data.s3.amazonaws.com/photos/8490417/square.jpeg
6691424,https://inaturalist-open-data.s3.amazonaws.com/photos/8485501/square.jpeg
6691424,https://inaturalist-open-data.s3.amazonaws.com/photos/8709136/square.jpeg
6691013,https://inaturalist-open-data.s3.amazonaws.com/photos/8484715/square.jpeg
